{"cameraMode":{"drawMode":0,"name":"Shaded","section":"Shading Mode"},"sceneLighting":true,"audioPlay":false,"sceneViewState":{"showFog":true,"showMaterialUpdate":false,"showSkybox":true,"showFlares":true,"showImageEffects":true,"showParticleSystems":true},"in2DMode":false,"pivot":{"x":-2.246062994003296,"y":-10.431957244873047,"z":-61.095516204833987},"rotation":{"x":-0.2539910078048706,"y":-0.006676198914647102,"z":0.0017530479235574604,"w":-0.9671841859817505},"size":29.420045852661134,"orthographic":false}