{"cameraMode":{"drawMode":0,"name":"Shaded","section":"Shading Mode"},"sceneLighting":true,"audioPlay":false,"sceneViewState":{"showFog":true,"showMaterialUpdate":false,"showSkybox":true,"showFlares":true,"showImageEffects":true,"showParticleSystems":true},"in2DMode":false,"pivot":{"x":-3.1624948978424074,"y":-2.080723762512207,"z":-57.13740539550781},"rotation":{"x":-0.12267394363880158,"y":0.07198309898376465,"z":-0.008921629749238491,"w":-0.9897952079772949},"size":33.116844177246097,"orthographic":false}