{"cameraMode":{"drawMode":0,"name":"Shaded","section":"Shading Mode"},"sceneLighting":true,"audioPlay":false,"sceneViewState":{"showFog":false,"showMaterialUpdate":true,"showSkybox":true,"showFlares":true,"showImageEffects":true,"showParticleSystems":true},"in2DMode":false,"pivot":{"x":-24.82340431213379,"y":20.393962860107423,"z":-55.254600524902347},"rotation":{"x":0.007016185205429792,"y":-0.9860597848892212,"z":0.16003581881523133,"w":0.0529097355902195},"size":92.87417602539063,"orthographic":false}