{"cameraMode":{"drawMode":0,"name":"Shaded","section":"Shading Mode"},"sceneLighting":true,"audioPlay":false,"sceneViewState":{"showFog":false,"showMaterialUpdate":true,"showSkybox":true,"showFlares":true,"showImageEffects":true,"showParticleSystems":true},"in2DMode":false,"pivot":{"x":1395.634033203125,"y":-76.74295043945313,"z":1782.993408203125},"rotation":{"x":-0.1229865700006485,"y":-0.016729271039366723,"z":0.0019961304496973755,"w":-0.9923095703125},"size":2337.401123046875,"orthographic":false}