{"cameraMode":{"drawMode":0,"name":"Shaded","section":"Shading Mode"},"sceneLighting":true,"audioPlay":false,"sceneViewState":{"showFog":false,"showMaterialUpdate":true,"showSkybox":true,"showFlares":true,"showImageEffects":true,"showParticleSystems":true},"in2DMode":false,"pivot":{"x":-19.323049545288087,"y":46.99678039550781,"z":18.402700424194337},"rotation":{"x":0.2505964934825897,"y":0.3051997721195221,"z":-0.08352717757225037,"w":0.914972722530365},"size":-1.297478199005127,"orthographic":false}