{"cameraMode":{"drawMode":0,"name":"Shaded","section":"Shading Mode"},"sceneLighting":true,"audioPlay":false,"sceneViewState":{"showFog":false,"showMaterialUpdate":true,"showSkybox":true,"showFlares":true,"showImageEffects":true,"showParticleSystems":true},"in2DMode":false,"pivot":{"x":-14.025077819824219,"y":43.41286087036133,"z":3.3178701400756838},"rotation":{"x":0.04138350114226341,"y":-0.949759304523468,"z":0.27548399567604067,"w":0.1426740288734436},"size":3.7471463680267336,"orthographic":false}