{"cameraMode":{"drawMode":0,"name":"Shaded","section":"Shading Mode"},"sceneLighting":false,"audioPlay":false,"sceneViewState":{"showFog":false,"showMaterialUpdate":true,"showSkybox":false,"showFlares":true,"showImageEffects":true,"showParticleSystems":true},"in2DMode":false,"pivot":{"x":-14.247613906860352,"y":42.814117431640628,"z":2.92549729347229},"rotation":{"x":0.04138350114226341,"y":-0.949759304523468,"z":0.27548399567604067,"w":0.1426740288734436},"size":0.1403769999742508,"orthographic":false}