{"cameraMode":{"drawMode":0,"name":"Shaded","section":"Shading Mode"},"sceneLighting":true,"audioPlay":false,"sceneViewState":{"showFog":false,"showMaterialUpdate":true,"showSkybox":true,"showFlares":true,"showImageEffects":true,"showParticleSystems":true},"in2DMode":false,"pivot":{"x":-16.396434783935548,"y":47.06074523925781,"z":23.941814422607423},"rotation":{"x":-0.02046717330813408,"y":0.9589769840240479,"z":-0.2734852731227875,"w":-0.07176827639341355},"size":19.21242332458496,"orthographic":false}